-- phpMyAdmin SQL Dump
-- version 5.1.3
-- https://www.phpmyadmin.net/
--
-- Host: localhost
-- Generation Time: Aug 17, 2022 at 07:01 AM
-- Server version: 10.4.21-MariaDB
-- PHP Version: 7.4.28

SET SQL_MODE = "NO_AUTO_VALUE_ON_ZERO";
START TRANSACTION;
SET time_zone = "+00:00";


/*!40101 SET @OLD_CHARACTER_SET_CLIENT=@@CHARACTER_SET_CLIENT */;
/*!40101 SET @OLD_CHARACTER_SET_RESULTS=@@CHARACTER_SET_RESULTS */;
/*!40101 SET @OLD_COLLATION_CONNECTION=@@COLLATION_CONNECTION */;
/*!40101 SET NAMES utf8mb4 */;

--
-- Database: `pos`
--

-- --------------------------------------------------------

--
-- Table structure for table `accounts_roles`
--

CREATE TABLE `accounts_roles` (
  `id` int(11) NOT NULL,
  `employee_id` int(11) NOT NULL,
  `role` varchar(20) NOT NULL,
  `active` tinyint(1) NOT NULL DEFAULT 1,
  `date_updated` timestamp NOT NULL DEFAULT current_timestamp() ON UPDATE current_timestamp(),
  `date_created` timestamp NOT NULL DEFAULT current_timestamp()
) ENGINE=InnoDB DEFAULT CHARSET=utf8mb4;

--
-- Dumping data for table `accounts_roles`
--

INSERT INTO `accounts_roles` (`id`, `employee_id`, `role`, `active`, `date_updated`, `date_created`) VALUES
(4, 9, 'Inventory', 0, '2021-04-25 20:29:14', '2021-04-25 20:18:12'),
(6, 9, 'Cashier', 0, '2021-04-25 20:28:47', '2021-04-25 20:19:50'),
(7, 10, 'Cashier', 1, '2021-08-20 04:27:43', '2021-08-20 04:27:43'),
(8, 10, 'Cashier', 1, '2021-08-20 04:30:57', '2021-08-20 04:30:57'),
(9, 10, 'Inventory', 1, '2021-08-20 04:30:57', '2021-08-20 04:30:57'),
(10, 10, 'Cashier', 1, '2021-08-20 04:35:17', '2021-08-20 04:35:17'),
(11, 10, 'Inventory', 1, '2021-08-20 04:35:17', '2021-08-20 04:35:17');

-- --------------------------------------------------------

--
-- Table structure for table `attendance`
--

CREATE TABLE `attendance` (
  `id` int(11) NOT NULL,
  `employee_id` int(11) NOT NULL,
  `time_in` timestamp NULL DEFAULT NULL,
  `time_out` timestamp NULL DEFAULT NULL,
  `date_updated` timestamp NOT NULL DEFAULT current_timestamp() ON UPDATE current_timestamp(),
  `date_created` timestamp NOT NULL DEFAULT current_timestamp()
) ENGINE=InnoDB DEFAULT CHARSET=utf8mb4;

--
-- Dumping data for table `attendance`
--

INSERT INTO `attendance` (`id`, `employee_id`, `time_in`, `time_out`, `date_updated`, `date_created`) VALUES
(1, 7, '2021-08-17 05:18:15', NULL, '2021-08-17 09:37:47', '2021-08-17 07:34:39'),
(2, 5, '2021-08-16 16:00:05', NULL, '2021-08-17 09:40:24', '2021-08-17 09:40:24'),
(3, 5, '2021-08-16 16:05:05', NULL, '2021-08-17 09:40:58', '2021-08-17 09:40:58'),
(4, 5, '2021-08-16 16:05:05', NULL, '2021-08-17 09:41:00', '2021-08-17 09:41:00'),
(5, 5, '2021-08-16 16:00:17', NULL, '2021-08-17 09:42:17', '2021-08-17 09:42:17'),
(6, 5, '2021-08-16 16:00:17', NULL, '2021-08-17 09:42:42', '2021-08-17 09:42:42'),
(7, 5, '2021-08-16 16:20:21', NULL, '2021-08-17 09:42:58', '2021-08-17 09:42:58'),
(8, 5, '2021-08-16 16:20:21', NULL, '2021-08-17 09:43:58', '2021-08-17 09:43:58'),
(9, 5, '2021-08-17 09:45:35', NULL, '2021-08-17 09:45:35', '2021-08-17 09:45:35'),
(10, 1, '2021-08-17 09:55:39', '2021-08-17 09:57:03', '2021-08-17 09:57:03', '2021-08-17 09:55:39'),
(11, 1, '2021-08-17 09:59:13', '2021-08-17 09:59:37', '2021-08-17 09:59:37', '2021-08-17 09:59:13'),
(12, 3, '2021-08-17 12:28:49', NULL, '2021-08-17 12:28:49', '2021-08-17 12:28:49'),
(13, 5, '2021-08-17 14:52:29', '2021-08-17 16:00:05', '2021-08-17 16:00:05', '2021-08-17 14:52:29'),
(14, 1, '2021-08-17 15:15:42', '2021-08-17 15:18:06', '2021-08-17 15:18:06', '2021-08-17 15:15:42'),
(15, 1, '2021-08-17 09:18:31', '2021-08-17 15:18:46', '2021-08-17 15:18:46', '2021-08-17 15:18:31'),
(16, 1, '2021-08-17 01:20:25', '2021-08-17 15:20:39', '2021-08-17 15:20:39', '2021-08-17 15:20:25'),
(17, 1, '2021-08-16 23:24:12', '2021-08-17 15:24:30', '2021-08-17 15:24:30', '2021-08-17 15:24:12'),
(18, 1, '2021-08-17 03:24:58', '2021-08-17 15:25:11', '2021-08-17 15:25:11', '2021-08-17 15:24:58'),
(19, 1, '2021-08-17 15:38:40', '2021-08-17 15:38:49', '2021-08-17 15:38:49', '2021-08-17 15:38:40'),
(20, 1, '2021-08-16 16:39:03', '2021-08-17 15:50:48', '2021-08-17 15:50:48', '2021-08-17 15:39:03'),
(22, 1, '2021-08-17 15:51:06', '2021-08-17 15:51:15', '2021-08-17 15:51:15', '2021-08-17 15:51:06'),
(23, 1, '2021-08-16 20:51:32', '2021-08-17 15:52:07', '2021-08-17 15:52:07', '2021-08-17 15:51:32'),
(24, 1, '2021-08-16 19:54:15', '2021-08-17 15:54:40', '2021-08-17 15:54:40', '2021-08-17 15:54:15'),
(25, 1, '2021-08-17 15:54:52', NULL, '2021-08-17 15:54:52', '2021-08-17 15:54:52'),
(26, 1, '2021-08-17 15:55:36', '2021-08-17 15:55:43', '2021-08-17 15:55:43', '2021-08-17 15:55:36'),
(27, 1, '2021-08-17 15:59:55', '2021-08-17 16:00:20', '2021-08-17 16:00:20', '2021-08-17 15:59:55'),
(28, 1, '2021-08-17 16:09:46', NULL, '2021-08-17 16:09:46', '2021-08-17 16:09:46'),
(29, 1, '2021-08-17 16:10:37', '2021-08-17 16:17:08', '2021-08-17 16:17:08', '2021-08-17 16:10:37'),
(30, 1, '2021-08-16 16:17:22', '2021-08-17 16:17:35', '2021-08-17 16:18:22', '2021-08-17 16:17:22'),
(31, 1, '2021-08-17 16:18:36', '2021-08-17 16:18:57', '2021-08-17 16:18:57', '2021-08-17 16:18:36'),
(32, 1, '2021-08-17 16:22:47', '2021-08-17 16:22:55', '2021-08-17 16:22:55', '2021-08-17 16:22:47'),
(33, 1, '2021-08-18 14:30:21', NULL, '2021-08-18 14:30:21', '2021-08-18 14:30:21'),
(34, 1, '2021-08-18 14:34:28', '2021-08-18 14:34:57', '2021-08-18 14:34:57', '2021-08-18 14:34:28'),
(35, 1, '2021-08-18 14:45:56', NULL, '2021-08-18 14:45:56', '2021-08-18 14:45:56'),
(36, 1, '2021-08-18 14:48:02', NULL, '2021-08-18 14:48:02', '2021-08-18 14:48:02'),
(37, 1, '2021-08-18 14:48:15', NULL, '2021-08-18 14:48:15', '2021-08-18 14:48:15'),
(38, 1, '2021-08-18 14:48:34', NULL, '2021-08-18 14:48:34', '2021-08-18 14:48:34'),
(39, 1, '2021-08-18 14:49:25', NULL, '2021-08-18 14:49:25', '2021-08-18 14:49:25'),
(40, 1, '2021-08-18 14:52:21', NULL, '2021-08-18 14:52:21', '2021-08-18 14:52:21'),
(41, 1, '2021-08-18 14:53:06', NULL, '2021-08-18 14:53:06', '2021-08-18 14:53:06'),
(42, 1, '2021-08-18 14:54:04', NULL, '2021-08-18 14:54:04', '2021-08-18 14:54:04'),
(43, 1, '2021-08-18 14:56:21', NULL, '2021-08-18 14:56:21', '2021-08-18 14:56:21'),
(44, 1, '2021-08-18 14:58:03', NULL, '2021-08-18 14:58:03', '2021-08-18 14:58:03'),
(45, 1, '2021-08-18 14:58:57', NULL, '2021-08-18 14:58:57', '2021-08-18 14:58:57'),
(46, 1, '2021-08-18 14:59:55', NULL, '2021-08-18 14:59:55', '2021-08-18 14:59:55'),
(47, 1, '2021-08-18 15:00:45', '2021-08-18 15:01:48', '2021-08-18 15:01:48', '2021-08-18 15:00:45'),
(48, 1, '2021-08-18 15:03:23', NULL, '2021-08-18 15:03:23', '2021-08-18 15:03:23'),
(49, 1, '2021-08-18 15:03:58', NULL, '2021-08-18 15:03:58', '2021-08-18 15:03:58'),
(50, 1, '2021-08-18 15:06:59', NULL, '2021-08-18 15:06:59', '2021-08-18 15:06:59'),
(51, 1, '2021-08-19 02:31:23', '2021-08-19 02:31:32', '2021-08-19 02:31:32', '2021-08-19 02:31:23'),
(52, 1, '2021-08-20 04:50:18', NULL, '2021-08-20 04:50:18', '2021-08-20 04:50:18'),
(53, 1, '2021-08-22 05:13:20', '2021-08-22 05:13:31', '2021-08-22 05:13:31', '2021-08-22 05:13:20'),
(54, 1, '2021-08-23 02:35:17', '2021-08-23 04:19:40', '2021-08-23 04:19:40', '2021-08-23 02:35:17'),
(55, 1, '2021-08-23 04:23:29', '2021-08-23 04:23:38', '2021-08-23 04:23:38', '2021-08-23 04:23:29'),
(56, 1, '2021-08-23 04:33:51', '2021-08-23 04:33:59', '2021-08-23 04:33:59', '2021-08-23 04:33:51'),
(57, 1, '2021-08-23 04:35:27', '2021-08-23 04:35:33', '2021-08-23 04:35:33', '2021-08-23 04:35:27'),
(58, 1, '2021-08-23 04:36:48', '2021-08-23 04:37:07', '2021-08-23 04:37:07', '2021-08-23 04:36:48'),
(59, 8, '2022-04-25 02:28:40', NULL, '2022-04-25 02:28:40', '2022-04-25 02:28:40'),
(60, 8, '2022-04-25 02:30:15', NULL, '2022-04-25 02:30:15', '2022-04-25 02:30:15');

-- --------------------------------------------------------

--
-- Table structure for table `attendance_pic`
--

CREATE TABLE `attendance_pic` (
  `id` int(11) NOT NULL,
  `attendance_id` int(11) NOT NULL,
  `imagePath` varchar(50) NOT NULL,
  `in_out` varchar(10) NOT NULL,
  `date_updated` timestamp NOT NULL DEFAULT current_timestamp() ON UPDATE current_timestamp(),
  `date_created` timestamp NOT NULL DEFAULT current_timestamp()
) ENGINE=InnoDB DEFAULT CHARSET=utf8mb4;

--
-- Dumping data for table `attendance_pic`
--

INSERT INTO `attendance_pic` (`id`, `attendance_id`, `imagePath`, `in_out`, `date_updated`, `date_created`) VALUES
(1, 43, 'attendance/611d1f957a8bf1629298581.jpg', '', '2021-08-18 14:57:01', '2021-08-18 14:57:01'),
(2, 48, 'attendance/611d213beb8401629299003.jpg', '', '2021-08-18 15:03:23', '2021-08-18 15:03:23'),
(3, 49, 'attendance/611d215e843551629299038.jpg', '', '2021-08-18 15:03:58', '2021-08-18 15:03:58'),
(4, 50, 'attendance/611d2213d132b1629299219.jpg', '', '2021-08-18 15:06:59', '2021-08-18 15:06:59'),
(5, 51, 'attendance/611dc27b8e6c41629340283.jpg', '', '2021-08-19 02:31:23', '2021-08-19 02:31:23'),
(6, 0, 'attendance/611dc2844e15d1629340292.jpg', '', '2021-08-19 02:31:32', '2021-08-19 02:31:32'),
(7, 52, 'attendance/611f348aebf041629435018.jpg', '', '2021-08-20 04:50:18', '2021-08-20 04:50:18'),
(8, 0, 'attendance/611f349f0b2d41629435039.jpg', '', '2021-08-20 04:50:39', '2021-08-20 04:50:39'),
(9, 53, 'attendance/6121dcf0d30461629609200.jpg', '', '2021-08-22 05:13:20', '2021-08-22 05:13:20'),
(10, 0, 'attendance/6121dcfb9854b1629609211.jpg', '', '2021-08-22 05:13:31', '2021-08-22 05:13:31'),
(11, 54, 'attendance/6123096581f231629686117.jpg', '', '2021-08-23 02:35:17', '2021-08-23 02:35:17'),
(12, 0, 'attendance/612321dc120dd1629692380.jpg', '', '2021-08-23 04:19:40', '2021-08-23 04:19:40'),
(13, 55, 'attendance/612322c1df0b91629692609.jpg', '', '2021-08-23 04:23:29', '2021-08-23 04:23:29'),
(14, 0, 'attendance/612322ca500e31629692618.jpg', '', '2021-08-23 04:23:38', '2021-08-23 04:23:38'),
(15, 56, 'attendance/6123252f864b31629693231.jpg', '', '2021-08-23 04:33:51', '2021-08-23 04:33:51'),
(16, 0, 'attendance/6123253700a0c1629693239.jpg', '', '2021-08-23 04:33:59', '2021-08-23 04:33:59'),
(17, 57, 'attendance/6123258f4d37c1629693327.jpg', '', '2021-08-23 04:35:27', '2021-08-23 04:35:27'),
(18, 57, 'attendance/61232595ce57e1629693333.jpg', '', '2021-08-23 04:35:33', '2021-08-23 04:35:33'),
(19, 58, 'attendance/612325e0c16921629693408.jpg', 'time in', '2021-08-23 04:36:48', '2021-08-23 04:36:48'),
(20, 58, 'attendance/612325f349e6e1629693427.jpg', 'time out', '2021-08-23 04:37:07', '2021-08-23 04:37:07');

-- --------------------------------------------------------

--
-- Table structure for table `categories`
--

CREATE TABLE `categories` (
  `id` int(11) NOT NULL,
  `business_id` int(11) NOT NULL,
  `category` varchar(50) NOT NULL,
  `date_updated` timestamp NOT NULL DEFAULT current_timestamp() ON UPDATE current_timestamp(),
  `date_created` timestamp NOT NULL DEFAULT current_timestamp()
) ENGINE=InnoDB DEFAULT CHARSET=utf8mb4;

--
-- Dumping data for table `categories`
--

INSERT INTO `categories` (`id`, `business_id`, `category`, `date_updated`, `date_created`) VALUES
(1, 1, '500', '2021-04-22 09:42:13', '2021-04-22 09:42:13'),
(2, 0, '66778', '2021-07-29 04:28:30', '2021-07-29 04:28:30'),
(3, 0, 'kimay', '2021-08-03 05:27:59', '2021-08-03 05:27:59'),
(4, 0, 'hddsfsgks', '2021-08-20 04:05:40', '2021-08-20 04:05:40'),
(5, 0, 'lkj', '2022-04-26 14:33:58', '2022-04-26 14:33:58');

-- --------------------------------------------------------

--
-- Table structure for table `credentials`
--

CREATE TABLE `credentials` (
  `id` int(11) NOT NULL,
  `owner_id` int(11) NOT NULL,
  `username` varchar(50) NOT NULL,
  `password` varchar(50) NOT NULL,
  `date_created` timestamp NOT NULL DEFAULT current_timestamp() ON UPDATE current_timestamp(),
  `date_updated` timestamp NOT NULL DEFAULT current_timestamp()
) ENGINE=InnoDB DEFAULT CHARSET=utf8mb4;

--
-- Dumping data for table `credentials`
--

INSERT INTO `credentials` (`id`, `owner_id`, `username`, `password`, `date_created`, `date_updated`) VALUES
(1, 8, '345', 'sam', '2021-04-21 18:42:07', '2021-04-20 15:13:03');

-- --------------------------------------------------------

--
-- Table structure for table `employees`
--

CREATE TABLE `employees` (
  `id` int(11) NOT NULL,
  `shop_id` int(11) NOT NULL,
  `fname` varchar(40) NOT NULL,
  `lname` varchar(40) NOT NULL,
  `address` text NOT NULL,
  `contact` varchar(50) NOT NULL,
  `gender` varchar(10) NOT NULL,
  `active` tinyint(1) NOT NULL DEFAULT 1,
  `disabled` tinyint(1) NOT NULL DEFAULT 0,
  `date_updated` timestamp NOT NULL DEFAULT current_timestamp() ON UPDATE current_timestamp(),
  `date_created` timestamp NOT NULL DEFAULT current_timestamp()
) ENGINE=InnoDB DEFAULT CHARSET=utf8mb4;

--
-- Dumping data for table `employees`
--

INSERT INTO `employees` (`id`, `shop_id`, `fname`, `lname`, `address`, `contact`, `gender`, `active`, `disabled`, `date_updated`, `date_created`) VALUES
(1, 1, 'awdawd', 'awd', 'awd', 'awd', '0', 0, 0, '2021-08-28 08:45:01', '2021-04-19 17:50:15'),
(2, 1, 'awdawd', 'awd', 'awd', 'awd', 'awd', 0, 0, '2021-08-28 08:45:33', '2021-04-19 17:50:46'),
(3, 1, 'awdawd', 'awd', 'awd', 'awd', 'awd', 0, 0, '2021-08-28 08:46:25', '2021-04-19 17:50:59'),
(4, 1, 'awdawd', 'awd', 'awd', 'awd', 'female', 0, 0, '2022-04-26 14:37:09', '2021-04-19 17:51:14'),
(5, 1, 'awdaw', 'dawda', 'dawda', 'awdawd', 'male', 0, 0, '2021-08-28 08:37:03', '2021-04-19 17:53:06'),
(6, 1, 'awdawd', 'wdawd', 'wdawd', 'awdaw', 'female', 0, 0, '2021-08-28 08:35:30', '2021-04-19 17:53:34'),
(7, 1, 'awdaw', 'dawd', 'dawd', 'awd', 'male', 0, 0, '2021-04-25 18:57:00', '2021-04-19 17:54:03'),
(8, 1, 'dawd', 'awdaw', 'awdaw', 'awdawd', 'male', 1, 0, '2021-08-28 14:41:46', '2021-04-19 17:55:46'),
(9, 1, 'awdawd', 'awd', 'awd', 'awd', 'female', 1, 0, '2022-04-26 14:37:05', '2021-04-19 17:56:10'),
(10, 0, 'shghjs', 'jhdjkgd', 'jhdjkgd', 'd8yy5847', 'male', 1, 0, '2022-04-26 14:37:03', '2021-08-20 04:27:25'),
(11, 0, 'jndhfjkhgdkj', 'dkjhgjkdt', 'dkjhgjkdt', 's,jrgghdjrkh', 'male', 0, 0, '2021-08-28 08:35:00', '2021-08-20 04:35:28'),
(12, 0, 'skjehgk', 'jhgdrkjghj', 'jhgdrkjghj', '45346', 'male', 1, 0, '2022-04-26 14:36:54', '2021-08-20 04:36:14'),
(13, 0, 'drnbgdrgbh', 'kjgdhkjghrk', 'kjgdhkjghrk', '94579847', 'male', 1, 0, '2022-04-26 14:36:57', '2021-08-20 04:37:21'),
(14, 0, 'iutyriureytiu555', 'uydgrguiy', 'uydgrguiy', '456474', 'male', 0, 0, '2022-04-26 14:37:00', '2021-08-20 04:37:36');

-- --------------------------------------------------------

--
-- Table structure for table `employee_acounts`
--

CREATE TABLE `employee_acounts` (
  `id` int(11) NOT NULL,
  `employee_id` int(11) NOT NULL,
  `username` varchar(50) NOT NULL,
  `password` varchar(50) NOT NULL,
  `active` tinyint(1) NOT NULL DEFAULT 1,
  `date_updated` timestamp NOT NULL DEFAULT current_timestamp() ON UPDATE current_timestamp(),
  `date_created` timestamp NOT NULL DEFAULT current_timestamp()
) ENGINE=InnoDB DEFAULT CHARSET=utf8mb4;

--
-- Dumping data for table `employee_acounts`
--

INSERT INTO `employee_acounts` (`id`, `employee_id`, `username`, `password`, `active`, `date_updated`, `date_created`) VALUES
(1, 9, 'awdawda', 'wdawd', 1, '2021-04-25 19:29:11', '2021-04-25 19:29:11'),
(2, 9, 'awdawd', 'awdawdwad', 1, '2021-04-25 20:08:57', '2021-04-25 20:08:57'),
(3, 9, 'awdawd', 'awdawdwad', 1, '2021-04-25 20:09:28', '2021-04-25 20:09:28'),
(4, 9, 'awdawd', 'awda', 1, '2021-04-25 20:09:34', '2021-04-25 20:09:34'),
(5, 9, 'awdawd', 'awdaw', 1, '2021-04-25 20:09:54', '2021-04-25 20:09:54'),
(6, 9, 'awdawd', 'awdaw', 1, '2021-04-25 20:10:10', '2021-04-25 20:10:10'),
(7, 9, 'dawd', 'awdaw', 1, '2021-04-25 20:17:22', '2021-04-25 20:17:22'),
(8, 9, 'awdawd', 'awdawd', 1, '2021-04-25 20:18:12', '2021-04-25 20:18:12'),
(9, 9, 'awdaw', 'dawd', 1, '2021-04-25 20:19:12', '2021-04-25 20:19:12'),
(10, 9, '123', '123', 1, '2021-06-26 05:08:15', '2021-04-25 20:19:50'),
(11, 9, 'jlhkjhkh', 'hjgjhgjhgh', 1, '2021-08-20 04:14:25', '2021-08-20 04:14:25'),
(12, 10, '854764896', '487876', 1, '2021-08-20 04:27:43', '2021-08-20 04:27:43'),
(13, 10, '56874567', '45684086', 1, '2021-08-20 04:30:57', '2021-08-20 04:30:57'),
(14, 10, 'jshgksgk', 'hgbhddhbg', 1, '2021-08-20 04:35:17', '2021-08-20 04:35:17');

-- --------------------------------------------------------

--
-- Table structure for table `owner`
--

CREATE TABLE `owner` (
  `id` int(11) NOT NULL,
  `fname` varchar(20) NOT NULL,
  `lname` varchar(20) NOT NULL,
  `address` text NOT NULL,
  `contact` varchar(20) NOT NULL,
  `gender` varchar(15) NOT NULL,
  `date_updated` timestamp NOT NULL DEFAULT current_timestamp() ON UPDATE current_timestamp(),
  `date_created` timestamp NOT NULL DEFAULT current_timestamp()
) ENGINE=InnoDB DEFAULT CHARSET=utf8mb4;

--
-- Dumping data for table `owner`
--

INSERT INTO `owner` (`id`, `fname`, `lname`, `address`, `contact`, `gender`, `date_updated`, `date_created`) VALUES
(1, 'awdawdawd', 'awdaw', 'dawd', 'wadawdawd', 'male', '2021-04-20 11:25:50', '2021-04-20 11:25:50'),
(2, '798798', '987987', '987987', '978987', 'male', '2021-04-20 11:27:39', '2021-04-20 11:27:39'),
(3, '8779987', '987987', '987987', '87987', 'female', '2021-04-20 11:28:05', '2021-04-20 11:28:05'),
(4, 'awdawd', 'awdawd', 'awdawd', 'awdaw', 'female', '2021-04-20 11:28:32', '2021-04-20 11:28:32'),
(5, 'dawd', 'awdawd', '546456', '456456', 'male', '2021-04-20 15:08:08', '2021-04-20 15:08:08'),
(6, 'dawd', 'awdawd', '546456', '456456', 'male', '2021-04-20 15:08:08', '2021-04-20 15:08:08'),
(7, 'dawd', 'awdawd', '546456', '456456', 'male', '2021-04-20 15:09:39', '2021-04-20 15:09:39'),
(8, '32453453', '45345345', '345435', '345', 'male', '2021-04-20 15:13:03', '2021-04-20 15:13:03');

-- --------------------------------------------------------

--
-- Table structure for table `products`
--

CREATE TABLE `products` (
  `id` int(11) NOT NULL,
  `product_name` varchar(150) NOT NULL,
  `category` varchar(25) NOT NULL,
  `description` text DEFAULT NULL,
  `barcode` varchar(40) NOT NULL,
  `availability` tinyint(1) NOT NULL DEFAULT 1,
  `deleted` tinyint(1) NOT NULL DEFAULT 0,
  `date_updated` timestamp NOT NULL DEFAULT current_timestamp() ON UPDATE current_timestamp(),
  `date_created` timestamp NOT NULL DEFAULT current_timestamp()
) ENGINE=InnoDB DEFAULT CHARSET=utf8mb4;

--
-- Dumping data for table `products`
--

INSERT INTO `products` (`id`, `product_name`, `category`, `description`, `barcode`, `availability`, `deleted`, `date_updated`, `date_created`) VALUES
(1, '43224Pokyo123', '2', '324234', 'sgfshdrh', 1, 1, '2021-08-28 14:33:31', '2021-04-22 16:03:37'),
(2, '43224Pokyo123', '2', '324234', 'sgfshdrh', 1, 0, '2021-08-28 14:33:31', '2021-04-22 16:06:09'),
(3, '43224Pokyo123', '2', '324234', 'sgfshdrh', 1, 0, '2021-08-28 14:33:31', '2021-04-22 16:06:42'),
(4, '43224Pokyo123', '2', '324234', 'sgfshdrh', 1, 0, '2021-08-28 14:33:31', '2021-04-22 16:09:00'),
(5, '43224Pokyo123', '2', '324234', 'sgfshdrh', 1, 0, '2021-08-28 14:33:31', '2021-04-22 16:16:16'),
(6, '43224Pokyo123', '2', '324234', 'sgfshdrh', 1, 0, '2021-08-28 14:33:31', '2021-04-22 16:17:14'),
(7, '43224Pokyo123', '2', '324234', 'sgfshdrh', 1, 0, '2021-08-28 14:33:31', '2021-04-22 16:17:59'),
(8, '43224Pokyo123', '2', '324234', 'sgfshdrh', 1, 0, '2021-08-28 14:33:31', '2021-04-22 16:18:24'),
(9, '43224Pokyo123', '2', '324234', 'sgfshdrh', 1, 0, '2021-08-28 14:33:31', '2021-04-22 16:20:20'),
(10, '43224Pokyo123', '2', '324234', 'sgfshdrh', 1, 0, '2021-08-28 14:33:31', '2021-04-22 16:20:36'),
(11, '43224Pokyo123', '2', '324234', 'sgfshdrh', 1, 0, '2021-08-28 14:33:31', '2021-04-23 18:04:27'),
(12, '43224Pokyo123', '2', '324234', 'sgfshdrh', 1, 0, '2021-08-28 14:33:31', '2021-04-23 18:12:15'),
(13, '43224Pokyo123', '2', '324234', 'sgfshdrh', 1, 0, '2021-08-28 14:33:31', '2021-04-23 18:12:41'),
(14, '43224Pokyo123', '2', '324234', 'sgfshdrh', 1, 0, '2021-08-28 14:33:31', '2021-04-23 18:13:05'),
(15, '43224Pokyo123', '2', '324234', 'sgfshdrh', 1, 0, '2021-08-28 14:33:31', '2021-04-24 16:43:41'),
(16, '43224Pokyo123', '2', '324234', 'sgfshdrh', 1, 0, '2021-08-28 14:33:31', '2021-06-29 13:44:50'),
(17, '43224Pokyo123', '2', '324234', 'sgfshdrh', 1, 0, '2021-08-28 14:33:31', '2021-06-30 08:12:54'),
(18, '43224Pokyo123', '2', '324234', 'sgfshdrh', 1, 0, '2021-08-28 14:33:31', '2021-06-30 08:18:17'),
(19, '43224Pokyo123', '2', '324234', 'sgfshdrh', 1, 0, '2021-08-28 14:33:31', '2021-07-04 06:32:00'),
(20, '43224Pokyo123', '2', '324234', 'sgfshdrh', 1, 0, '2021-08-28 14:33:31', '2021-07-16 16:36:18'),
(21, '43224Pokyo123', '2', '324234', 'sgfshdrh', 1, 0, '2021-08-28 14:33:31', '2021-07-29 02:10:26'),
(22, '43224Pokyo123', '2', '324234', 'sgfshdrh', 0, 0, '2021-08-28 14:33:31', '2021-07-29 03:52:49'),
(23, '43224Pokyo123', '2', '324234', 'sgfshdrh', 1, 0, '2021-08-28 14:33:31', '2021-07-29 03:55:40'),
(24, '43224Pokyo123', '2', '324234', 'sgfshdrh', 1, 0, '2021-08-28 14:33:31', '2021-07-29 04:01:32'),
(25, '43224Pokyo123', '2', '324234', 'sgfshdrh', 1, 0, '2021-08-28 14:33:31', '2021-07-29 04:02:55'),
(26, '43224Pokyo123', '2', '324234', 'sgfshdrh', 1, 0, '2021-08-28 14:33:31', '2021-07-29 04:03:56'),
(27, '43224Pokyo123', '2', '324234', 'sgfshdrh', 1, 1, '2021-08-28 14:33:31', '2021-07-29 04:41:29'),
(28, '43224Pokyo123', '2', '324234', 'sgfshdrh', 0, 0, '2021-08-28 14:33:31', '2021-07-29 04:43:07'),
(29, '43224Pokyo123', '2', '324234', 'sgfshdrh', 1, 0, '2021-08-28 14:33:31', '2021-07-29 04:43:42'),
(30, '43224Pokyo123', '2', '324234', 'sgfshdrh', 1, 0, '2021-08-28 14:33:31', '2021-07-29 04:49:14'),
(31, '43224Pokyo123', '2', '324234', 'sgfshdrh', 1, 0, '2021-08-28 14:33:31', '2021-07-29 04:57:53'),
(32, '43224Pokyo123', '2', '324234', 'sgfshdrh', 1, 0, '2021-08-28 14:33:31', '2021-07-30 11:15:27'),
(33, '43224Pokyo123', '2', '324234', 'sgfshdrh', 1, 1, '2021-08-28 14:33:31', '2021-07-30 11:15:53'),
(34, '43224Pokyo123', '2', '324234', 'sgfshdrh', 1, 1, '2021-08-28 14:33:31', '2021-07-30 11:16:09'),
(35, '43224Pokyo123', '2', '324234', 'sgfshdrh', 1, 1, '2021-08-28 14:33:31', '2021-08-03 05:41:28'),
(36, '43224Pokyo123', '2', '324234', 'sgfshdrh', 1, 1, '2021-08-28 14:33:31', '2021-08-03 05:41:39'),
(37, '43224Pokyo123', '2', '324234', 'sgfshdrh', 1, 1, '2021-08-28 14:33:31', '2021-08-03 05:41:55'),
(38, '43224Pokyo123', '2', '324234', 'sgfshdrh', 1, 1, '2021-08-28 14:33:31', '2021-08-03 05:53:43'),
(39, '43224Pokyo123', '2', '324234', 'sgfshdrh', 1, 1, '2021-08-28 14:33:31', '2021-08-15 11:52:05'),
(40, '43224Pokyo123', '2', '324234', 'sgfshdrh', 1, 0, '2021-08-28 14:33:31', '2021-08-25 04:08:49'),
(41, '43224Pokyo123', '2', '324234', 'sgfshdrh', 1, 0, '2021-08-28 14:33:31', '2021-08-28 03:37:12'),
(42, '43224Pokyo123', '2', '324234', 'sgfshdrh', 1, 0, '2021-08-28 14:33:31', '2021-08-28 03:37:47'),
(43, '43224Pokyo123', '2', '324234', 'sgfshdrh', 1, 0, '2021-08-28 14:33:31', '2021-08-28 03:40:50'),
(44, '43224Pokyo123', '2', '324234', 'sgfshdrh', 1, 0, '2021-08-28 14:33:31', '2021-08-28 03:41:57'),
(45, '43224Pokyo123', '2', '324234', 'sgfshdrh', 0, 0, '2021-08-28 14:33:31', '2021-08-28 03:42:19'),
(46, '43224Pokyo123', '2', '324234', 'sgfshdrh', 1, 1, '2021-08-28 14:33:31', '2021-08-28 08:55:16'),
(47, '43224Pokyo123', '2', '324234', 'sgfshdrh', 1, 0, '2021-08-28 14:33:31', '2021-08-28 13:33:29'),
(48, '43224Pokyo123', '2', '324234', 'sgfshdrh', 1, 0, '2021-08-28 14:33:31', '2021-08-28 13:33:33'),
(49, '43224Pokyo123', '2', '324234', 'sgfshdrh', 1, 0, '2021-08-28 14:33:31', '2021-08-28 13:33:49'),
(50, '43224Pokyo123', '2', '324234', 'sgfshdrh', 1, 0, '2021-08-28 14:33:31', '2021-08-28 13:34:50'),
(51, '43224Pokyo123', '2', '324234', 'sgfshdrh', 1, 0, '2021-08-28 14:33:31', '2021-08-28 13:34:56'),
(52, '43224Pokyo123', '2', '324234', 'sgfshdrh', 1, 0, '2021-08-28 14:33:31', '2021-08-28 13:37:43'),
(53, '43224Pokyo123', '2', '324234', 'sgfshdrh', 1, 0, '2021-08-28 14:33:31', '2021-08-28 13:38:13'),
(54, '43224Pokyo123', '2', '324234', 'sgfshdrh', 1, 0, '2021-08-28 14:33:31', '2021-08-28 13:38:33'),
(55, '43224Pokyo123', '2', '324234', 'sgfshdrh', 1, 0, '2021-08-28 14:33:31', '2021-08-28 13:40:52'),
(56, '43224Pokyo123', '2', '324234', 'sgfshdrh', 1, 0, '2021-08-28 14:33:31', '2021-08-28 13:44:44'),
(57, '43224Pokyo123', '2', '324234', 'sgfshdrh', 1, 0, '2021-08-28 14:33:31', '2021-08-28 13:47:40'),
(58, '43224Pokyo123', '2', '324234', 'sgfshdrh', 1, 0, '2021-08-28 14:33:31', '2021-08-28 13:47:40'),
(59, '43224Pokyo123', '2', '324234', 'sgfshdrh', 1, 0, '2021-08-28 14:33:31', '2021-08-28 13:50:14'),
(60, '43224Pokyo123', '2', '324234', 'sgfshdrh', 1, 0, '2021-08-28 14:33:31', '2021-08-28 13:50:51'),
(61, '43224Pokyo123', '2', '324234', 'sgfshdrh', 1, 0, '2021-08-28 14:33:31', '2021-08-28 14:01:17'),
(62, '43224Pokyo123', '2', '324234', 'sgfshdrh', 1, 0, '2021-08-28 14:33:31', '2021-08-28 14:03:15'),
(63, '43224Pokyo123', '2', '324234', 'sgfshdrh', 1, 0, '2021-08-28 14:33:31', '2021-08-28 14:04:10'),
(64, '43224Pokyo123', '2', '324234', 'sgfshdrh', 1, 0, '2021-08-28 14:33:31', '2021-08-28 14:05:02'),
(65, '43224Pokyo123', '2', '324234', 'sgfshdrh', 1, 0, '2021-08-28 14:33:31', '2021-08-28 14:11:59'),
(66, '43224Pokyo123', '2', '324234', 'sgfshdrh', 1, 0, '2021-08-28 14:33:31', '2021-08-28 14:20:50'),
(67, '43224Pokyo123', '2', '324234', 'sgfshdrh', 1, 0, '2021-08-28 14:33:31', '2021-08-28 14:21:54'),
(68, '43224Pokyo123', '2', '324234', 'sgfshdrh', 1, 0, '2021-08-28 14:33:31', '2021-08-28 14:24:50'),
(69, '43224Pokyo123', '2', '324234', 'sgfshdrh', 1, 0, '2021-08-28 14:33:31', '2021-08-28 14:31:56'),
(70, '43224Pokyo123', '2', '324234', 'sgfshdrh', 1, 0, '2021-08-28 14:33:31', '2021-08-28 14:32:08'),
(71, 'Sample1po', '2', '324234', '987865', 1, 0, '2021-08-28 14:40:38', '2021-08-28 14:32:37'),
(72, 'sefsefhb', '3', 'jhghfd', '987865434', 1, 1, '2022-04-25 02:45:36', '2022-04-25 02:32:47'),
(73, 'sefsefhb', '3', 'jhghfd', '987865434', 0, 0, '2022-04-25 02:45:30', '2022-04-25 02:34:41');

-- --------------------------------------------------------

--
-- Table structure for table `products_stocks`
--

CREATE TABLE `products_stocks` (
  `id` int(11) NOT NULL,
  `product_id` int(11) NOT NULL,
  `stocks_count` int(11) NOT NULL,
  `date_updated` timestamp NOT NULL DEFAULT current_timestamp() ON UPDATE current_timestamp(),
  `date_created` timestamp NOT NULL DEFAULT current_timestamp()
) ENGINE=InnoDB DEFAULT CHARSET=utf8mb4;

--
-- Dumping data for table `products_stocks`
--

INSERT INTO `products_stocks` (`id`, `product_id`, `stocks_count`, `date_updated`, `date_created`) VALUES
(1, 4, 50, '2021-04-22 16:09:00', '2021-04-22 16:09:00'),
(2, 5, 6456, '2021-04-22 16:16:16', '2021-04-22 16:16:16'),
(3, 6, 5646, '2021-04-22 16:17:14', '2021-04-22 16:17:14'),
(4, 7, 345, '2021-04-22 16:17:59', '2021-04-22 16:17:59'),
(5, 8, 345, '2021-04-22 16:18:24', '2021-04-22 16:18:24'),
(6, 9, 45645, '2021-04-22 16:20:20', '2021-04-22 16:20:20'),
(7, 10, 55, '2021-04-22 16:20:36', '2021-04-22 16:20:36'),
(8, 11, 998798, '2021-04-23 18:04:27', '2021-04-23 18:04:27'),
(9, 12, 345345, '2021-04-23 18:12:15', '2021-04-23 18:12:15'),
(10, 13, 345345, '2021-04-23 18:12:41', '2021-04-23 18:12:41'),
(11, 14, 345345, '2021-04-23 18:13:05', '2021-04-23 18:13:05'),
(12, 15, 50, '2021-04-24 16:43:41', '2021-04-24 16:43:41'),
(13, 16, 34, '2021-06-29 13:44:50', '2021-06-29 13:44:50'),
(14, 17, 44, '2021-06-30 08:12:54', '2021-06-30 08:12:54'),
(15, 18, 4, '2021-06-30 08:18:17', '2021-06-30 08:18:17'),
(16, 19, 3, '2021-07-04 06:32:00', '2021-07-04 06:32:00'),
(17, 20, 43543, '2021-07-16 16:36:18', '2021-07-16 16:36:18'),
(18, 21, 8765, '2021-07-29 02:10:26', '2021-07-29 02:10:26'),
(19, 22, 3545, '2021-07-29 03:52:49', '2021-07-29 03:52:49'),
(20, 23, 343, '2021-07-29 03:55:40', '2021-07-29 03:55:40'),
(21, 24, 3, '2021-07-29 04:01:32', '2021-07-29 04:01:32'),
(22, 25, 34346, '2021-07-29 04:02:55', '2021-07-29 04:02:55'),
(23, 26, 654, '2021-07-29 04:03:56', '2021-07-29 04:03:56'),
(24, 27, 65645, '2021-07-29 04:41:29', '2021-07-29 04:41:29'),
(25, 28, 65645, '2021-07-29 04:43:07', '2021-07-29 04:43:07'),
(26, 29, 65645, '2021-07-29 04:43:42', '2021-07-29 04:43:42'),
(27, 30, 65645, '2021-07-29 04:49:14', '2021-07-29 04:49:14'),
(28, 31, 56, '2021-07-29 04:57:53', '2021-07-29 04:57:53'),
(29, 32, 3545, '2021-07-30 11:15:27', '2021-07-30 11:15:27'),
(30, 33, 34, '2021-07-30 11:15:53', '2021-07-30 11:15:53'),
(31, 34, 46546, '2021-07-30 11:16:09', '2021-07-30 11:16:09'),
(32, 35, 654, '2021-08-03 05:41:28', '2021-08-03 05:41:28'),
(33, 36, 654, '2021-08-03 05:41:39', '2021-08-03 05:41:39'),
(34, 37, 654, '2021-08-03 05:41:55', '2021-08-03 05:41:55'),
(35, 38, 7654, '2021-08-03 05:53:43', '2021-08-03 05:53:43'),
(36, 39, 45, '2021-08-15 11:52:05', '2021-08-15 11:52:05'),
(37, 40, 54, '2021-08-25 04:08:49', '2021-08-25 04:08:49'),
(38, 41, 54, '2021-08-28 03:37:12', '2021-08-28 03:37:12'),
(39, 42, 54, '2021-08-28 03:37:47', '2021-08-28 03:37:47'),
(40, 43, 43534, '2021-08-28 03:40:50', '2021-08-28 03:40:50'),
(41, 44, 454, '2021-08-28 03:41:57', '2021-08-28 03:41:57'),
(42, 45, 54, '2021-08-28 03:42:19', '2021-08-28 03:42:19'),
(43, 46, 66, '2021-08-28 08:55:16', '2021-08-28 08:55:16'),
(44, 47, 454, '2021-08-28 13:33:29', '2021-08-28 13:33:29'),
(45, 48, 454, '2021-08-28 13:33:33', '2021-08-28 13:33:33'),
(46, 49, 454, '2021-08-28 13:33:49', '2021-08-28 13:33:49'),
(47, 50, 454, '2021-08-28 13:34:50', '2021-08-28 13:34:50'),
(48, 51, 454, '2021-08-28 13:34:56', '2021-08-28 13:34:56'),
(49, 52, 454, '2021-08-28 13:37:43', '2021-08-28 13:37:43'),
(50, 53, 454, '2021-08-28 13:38:13', '2021-08-28 13:38:13'),
(51, 54, 454, '2021-08-28 13:38:33', '2021-08-28 13:38:33'),
(52, 55, 454453, '2021-08-28 13:40:52', '2021-08-28 13:40:52'),
(53, 56, 454, '2021-08-28 13:44:44', '2021-08-28 13:44:44'),
(54, 57, 454, '2021-08-28 13:47:40', '2021-08-28 13:47:40'),
(55, 58, 454, '2021-08-28 13:47:40', '2021-08-28 13:47:40'),
(56, 59, 454, '2021-08-28 13:50:14', '2021-08-28 13:50:14'),
(57, 60, 454, '2021-08-28 13:50:51', '2021-08-28 13:50:51'),
(58, 61, 454, '2021-08-28 14:01:17', '2021-08-28 14:01:17'),
(59, 62, 454, '2021-08-28 14:03:15', '2021-08-28 14:03:15'),
(60, 63, 454, '2021-08-28 14:04:10', '2021-08-28 14:04:10'),
(61, 64, 454, '2021-08-28 14:05:02', '2021-08-28 14:05:02'),
(62, 65, 454, '2021-08-28 14:11:59', '2021-08-28 14:11:59'),
(63, 66, 454, '2021-08-28 14:20:50', '2021-08-28 14:20:50'),
(64, 67, 454, '2021-08-28 14:21:54', '2021-08-28 14:21:54'),
(65, 68, 342, '2021-08-28 14:24:50', '2021-08-28 14:24:50'),
(66, 69, 34255, '2021-08-28 14:31:56', '2021-08-28 14:31:56'),
(67, 70, 34255, '2021-08-28 14:32:08', '2021-08-28 14:32:08'),
(68, 71, 34255, '2021-08-28 14:32:37', '2021-08-28 14:32:37'),
(69, 71, 34255, '2021-08-28 14:37:35', '2021-08-28 14:37:35'),
(70, 71, 34255, '2021-08-28 14:40:38', '2021-08-28 14:40:38'),
(71, 72, 4, '2022-04-25 02:32:47', '2022-04-25 02:32:47'),
(72, 73, 99, '2022-04-25 02:34:41', '2022-04-25 02:34:41');

-- --------------------------------------------------------

--
-- Table structure for table `product_image`
--

CREATE TABLE `product_image` (
  `id` int(11) NOT NULL,
  `product_id` int(11) NOT NULL,
  `name20` text NOT NULL,
  `name50` text NOT NULL,
  `name100` text NOT NULL,
  `date_updated` timestamp NOT NULL DEFAULT current_timestamp() ON UPDATE current_timestamp(),
  `date_created` timestamp NOT NULL DEFAULT current_timestamp()
) ENGINE=InnoDB DEFAULT CHARSET=utf8mb4;

--
-- Dumping data for table `product_image`
--

INSERT INTO `product_image` (`id`, `product_id`, `name20`, `name50`, `name100`, `date_updated`, `date_created`) VALUES
(1, 12, 'gallery/20/60830dff702061619201535.jpg', 'gallery/50/60830dff6dfb11619201535.jpg', 'gallery/100/60830dff6dc6e1619201535.jpg', '2021-04-23 18:12:15', '2021-04-23 18:12:15'),
(2, 13, 'gallery/20/60830e1982de11619201561.jpg', 'gallery/50/60830e1980e651619201561.jpg', 'gallery/100/60830e1980ac21619201561.jpg', '2021-04-23 18:12:41', '2021-04-23 18:12:41'),
(3, 14, 'gallery/20/60830e314f2881619201585.jpg', 'gallery/50/60830e314cfec1619201585.jpg', 'gallery/100/60830e314cd331619201585.jpg', '2021-04-23 18:13:05', '2021-04-23 18:13:05'),
(4, 15, 'gallery/20/60844abdbd3581619282621.jpg', 'gallery/50/60844abdb8fa21619282621.jpg', 'gallery/100/60844abdb8cbc1619282621.jpg', '2021-04-24 16:43:41', '2021-04-24 16:43:41'),
(5, 30, 'gallery/20/6102334a1ae181627534154.jpg', 'gallery/50/6102334a176381627534154.jpg', 'gallery/100/6102334a1739b1627534154.jpg', '2021-07-29 04:49:14', '2021-07-29 04:49:14'),
(6, 31, 'gallery/20/610235522fe3b1627534674.jpg', 'gallery/50/61023551cff791627534673.jpg', 'gallery/100/61023551cf78e1627534673.jpg', '2021-07-29 04:57:54', '2021-07-29 04:57:54'),
(7, 32, 'gallery/20/6103df4fe08cd1627643727.jpg', 'gallery/50/6103df4f7f5af1627643727.jpg', 'gallery/100/6103df4f7ef1d1627643727.jpg', '2021-07-30 11:15:28', '2021-07-30 11:15:28'),
(8, 33, 'gallery/20/6103df69568051627643753.jpg', 'gallery/50/6103df6925cda1627643753.jpg', 'gallery/100/6103df69252ee1627643753.jpg', '2021-07-30 11:15:53', '2021-07-30 11:15:53'),
(9, 34, 'gallery/20/6103df79d754b1627643769.jpg', 'gallery/50/6103df79d04f21627643769.jpg', 'gallery/100/6103df79d01541627643769.jpg', '2021-07-30 11:16:09', '2021-07-30 11:16:09'),
(10, 37, 'gallery/20/6108d72363a811627969315.jpg', 'gallery/50/6108d7230da1c1627969315.jpg', 'gallery/100/6108d7230d3261627969315.jpg', '2021-08-03 05:41:55', '2021-08-03 05:41:55'),
(11, 38, 'gallery/20/6108d9e7622a41627970023.jpg', 'gallery/50/6108d9e72574a1627970023.jpg', 'gallery/100/6108d9e72358c1627970023.jpg', '2021-08-03 05:53:43', '2021-08-03 05:53:43'),
(12, 39, 'gallery/20/6118ffe5ace031629028325.jpg', 'gallery/50/6118ffe550de71629028325.jpg', 'gallery/100/6118ffe54fa341629028325.jpg', '2021-08-15 11:52:05', '2021-08-15 11:52:05'),
(13, 40, 'gallery/20/6125c25164fbd1629864529.jpg', 'gallery/50/6125c25157ce61629864529.jpg', 'gallery/100/6125c25156b8f1629864529.jpg', '2021-08-25 04:08:49', '2021-08-25 04:08:49'),
(14, 52, 'gallery/20/612a3c278153d1630157863.jpg', 'gallery/50/612a3c276ec931630157863.jpg', 'gallery/100/612a3c276db8d1630157863.jpg', '2021-08-28 13:37:43', '2021-08-28 13:37:43'),
(15, 53, 'gallery/20/612a3c4581f081630157893.jpg', 'gallery/50/612a3c454ac8d1630157893.jpg', 'gallery/100/612a3c454a2e31630157893.jpg', '2021-08-28 13:38:13', '2021-08-28 13:38:13'),
(16, 54, 'gallery/20/612a3c59587c31630157913.jpg', 'gallery/50/612a3c592612c1630157913.jpg', 'gallery/100/612a3c59259591630157913.jpg', '2021-08-28 13:38:33', '2021-08-28 13:38:33'),
(17, 56, 'gallery/20/612a3dcca98f31630158284.jpg', 'gallery/50/612a3dcc98d4c1630158284.jpg', 'gallery/100/612a3dcc9859e1630158284.jpg', '2021-08-28 13:44:44', '2021-08-28 13:44:44'),
(18, 57, 'gallery/20/612a3e7c230df1630158460.jpg', 'gallery/50/612a3e7c108ab1630158460.jpg', 'gallery/100/612a3e7c0f0c11630158460.jpg', '2021-08-28 13:47:40', '2021-08-28 13:47:40'),
(19, 58, 'gallery/20/612a3e7c92f951630158460.jpg', 'gallery/50/612a3e7c7a6a31630158460.jpg', 'gallery/100/612a3e7c7a4501630158460.jpg', '2021-08-28 13:47:40', '2021-08-28 13:47:40'),
(20, 59, 'gallery/20/612a3f1617e6b1630158614.jpg', 'gallery/50/612a3f16073b81630158614.jpg', 'gallery/100/612a3f16061ce1630158614.jpg', '2021-08-28 13:50:14', '2021-08-28 13:50:14'),
(21, 60, 'gallery/20/612a3f3bbbb291630158651.jpg', 'gallery/50/612a3f3b58c2f1630158651.jpg', 'gallery/100/612a3f3b581fb1630158651.jpg', '2021-08-28 13:50:52', '2021-08-28 13:50:52'),
(22, 61, 'gallery/20/612a41ade96d21630159277.jpg', 'gallery/50/612a41adada641630159277.jpg', 'gallery/100/612a41adad4261630159277.jpg', '2021-08-28 14:01:18', '2021-08-28 14:01:18'),
(23, 62, 'gallery/20/612a4223adf3d1630159395.jpg', 'gallery/50/612a42236e1181630159395.jpg', 'gallery/100/612a42236d9341630159395.jpg', '2021-08-28 14:03:15', '2021-08-28 14:03:15'),
(24, 63, 'gallery/20/612a425aba4031630159450.jpg', 'gallery/50/612a425a7e5f01630159450.jpg', 'gallery/100/612a425a7db7e1630159450.jpg', '2021-08-28 14:04:10', '2021-08-28 14:04:10'),
(25, 64, 'gallery/20/612a428eb8c571630159502.jpg', 'gallery/50/612a428e84eec1630159502.jpg', 'gallery/100/612a428e849821630159502.jpg', '2021-08-28 14:05:02', '2021-08-28 14:05:02'),
(26, 65, 'gallery/20/612a442f99b351630159919.jpg', 'gallery/50/612a442f558521630159919.jpg', 'gallery/100/612a442f54c911630159919.jpg', '2021-08-28 14:11:59', '2021-08-28 14:11:59'),
(27, 66, 'gallery/20/612a4642600501630160450.jpg', 'gallery/50/612a464254dbb1630160450.jpg', 'gallery/100/612a4642549f41630160450.jpg', '2021-08-28 14:20:50', '2021-08-28 14:20:50'),
(28, 68, 'gallery/20/612a47326892e1630160690.jpg', 'gallery/50/612a47322eead1630160690.jpg', 'gallery/100/612a47322e8ff1630160690.jpg', '2021-08-28 14:24:50', '2021-08-28 14:24:50'),
(29, 71, 'gallery/20/612a4a3020cd01630161456.jpg', 'gallery/50/612a4a2fdd9451630161455.jpg', 'gallery/100/612a4a2fdb9251630161455.jpg', '2021-08-28 14:37:36', '2021-08-28 14:37:36');

-- --------------------------------------------------------

--
-- Table structure for table `product_price`
--

CREATE TABLE `product_price` (
  `id` int(11) NOT NULL,
  `product_id` int(11) NOT NULL,
  `price` double NOT NULL,
  `date_updated` timestamp NOT NULL DEFAULT current_timestamp() ON UPDATE current_timestamp(),
  `date_created` timestamp NOT NULL DEFAULT current_timestamp()
) ENGINE=InnoDB DEFAULT CHARSET=utf8mb4;

--
-- Dumping data for table `product_price`
--

INSERT INTO `product_price` (`id`, `product_id`, `price`, `date_updated`, `date_created`) VALUES
(1, 7, 0, '2021-04-22 16:17:59', '2021-04-22 16:17:59'),
(2, 8, 456, '2021-04-22 16:18:24', '2021-04-22 16:18:24'),
(3, 9, 546456, '2021-04-22 16:20:20', '2021-04-22 16:20:20'),
(4, 10, 55.65, '2021-04-22 16:20:36', '2021-04-22 16:20:36'),
(5, 11, 87987, '2021-04-23 18:04:27', '2021-04-23 18:04:27'),
(6, 12, 345345, '2021-04-23 18:12:15', '2021-04-23 18:12:15'),
(7, 13, 345345, '2021-04-23 18:12:41', '2021-04-23 18:12:41'),
(8, 14, 345345, '2021-04-23 18:13:05', '2021-04-23 18:13:05'),
(9, 15, 500, '2021-04-24 16:43:41', '2021-04-24 16:43:41'),
(10, 16, 444, '2021-06-29 13:44:50', '2021-06-29 13:44:50'),
(11, 17, 453653, '2021-06-30 08:12:54', '2021-06-30 08:12:54'),
(12, 18, 8765, '2021-06-30 08:18:17', '2021-06-30 08:18:17'),
(13, 19, 4346, '2021-07-04 06:32:00', '2021-07-04 06:32:00'),
(14, 20, 76754, '2021-07-16 16:36:18', '2021-07-16 16:36:18'),
(15, 21, 7654, '2021-07-29 02:10:26', '2021-07-29 02:10:26'),
(16, 22, 35, '2021-07-29 03:52:49', '2021-07-29 03:52:49'),
(17, 23, 3534, '2021-07-29 03:55:40', '2021-07-29 03:55:40'),
(18, 24, 98765, '2021-07-29 04:01:32', '2021-07-29 04:01:32'),
(19, 25, 7654, '2021-07-29 04:02:55', '2021-07-29 04:02:55'),
(20, 26, 78654, '2021-07-29 04:03:56', '2021-07-29 04:03:56'),
(21, 27, 5567, '2021-07-29 04:41:29', '2021-07-29 04:41:29'),
(22, 28, 5567, '2021-07-29 04:43:07', '2021-07-29 04:43:07'),
(23, 29, 5567, '2021-07-29 04:43:42', '2021-07-29 04:43:42'),
(24, 30, 5567, '2021-07-29 04:49:14', '2021-07-29 04:49:14'),
(25, 31, 500, '2021-07-29 04:57:53', '2021-07-29 04:57:53'),
(26, 32, 45646, '2021-07-30 11:15:27', '2021-07-30 11:15:27'),
(27, 33, 7654, '2021-07-30 11:15:53', '2021-07-30 11:15:53'),
(28, 34, 4556, '2021-07-30 11:16:09', '2021-07-30 11:16:09'),
(29, 35, 7654.89, '2021-08-03 05:41:28', '2021-08-03 05:41:28'),
(30, 36, 7654.89, '2021-08-03 05:41:39', '2021-08-03 05:41:39'),
(31, 37, 7654.89, '2021-08-03 05:41:55', '2021-08-03 05:41:55'),
(32, 38, 8765, '2021-08-03 05:53:43', '2021-08-03 05:53:43'),
(33, 39, 500.7, '2021-08-15 11:52:05', '2021-08-15 11:52:05'),
(34, 40, 5000, '2021-08-25 04:08:49', '2021-08-25 04:08:49'),
(35, 41, 5000, '2021-08-28 03:37:12', '2021-08-28 03:37:12'),
(36, 42, 5000, '2021-08-28 03:37:47', '2021-08-28 03:37:47'),
(37, 43, 435435, '2021-08-28 03:40:50', '2021-08-28 03:40:50'),
(38, 44, 4456, '2021-08-28 03:41:57', '2021-08-28 03:41:57'),
(39, 45, 4346345, '2021-08-28 03:42:19', '2021-08-28 03:42:19'),
(40, 46, 657, '2021-08-28 08:55:16', '2021-08-28 08:55:16'),
(41, 47, 4456, '2021-08-28 13:33:29', '2021-08-28 13:33:29'),
(42, 48, 4456, '2021-08-28 13:33:33', '2021-08-28 13:33:33'),
(43, 49, 4456, '2021-08-28 13:33:49', '2021-08-28 13:33:49'),
(44, 50, 4456, '2021-08-28 13:34:50', '2021-08-28 13:34:50'),
(45, 51, 4456, '2021-08-28 13:34:56', '2021-08-28 13:34:56'),
(46, 52, 4456, '2021-08-28 13:37:43', '2021-08-28 13:37:43'),
(47, 53, 4456, '2021-08-28 13:38:13', '2021-08-28 13:38:13'),
(48, 54, 4456, '2021-08-28 13:38:33', '2021-08-28 13:38:33'),
(49, 55, 4456, '2021-08-28 13:40:52', '2021-08-28 13:40:52'),
(50, 56, 4456, '2021-08-28 13:44:44', '2021-08-28 13:44:44'),
(51, 57, 4456, '2021-08-28 13:47:40', '2021-08-28 13:47:40'),
(52, 58, 4456, '2021-08-28 13:47:40', '2021-08-28 13:47:40'),
(53, 59, 4456, '2021-08-28 13:50:14', '2021-08-28 13:50:14'),
(54, 60, 4456, '2021-08-28 13:50:51', '2021-08-28 13:50:51'),
(55, 61, 4456, '2021-08-28 14:01:17', '2021-08-28 14:01:17'),
(56, 62, 4456, '2021-08-28 14:03:15', '2021-08-28 14:03:15'),
(57, 63, 4456, '2021-08-28 14:04:10', '2021-08-28 14:04:10'),
(58, 64, 4456, '2021-08-28 14:05:02', '2021-08-28 14:05:02'),
(59, 65, 4456, '2021-08-28 14:11:59', '2021-08-28 14:11:59'),
(60, 66, 4456, '2021-08-28 14:20:50', '2021-08-28 14:20:50'),
(61, 67, 4456, '2021-08-28 14:21:54', '2021-08-28 14:21:54'),
(62, 68, 3424, '2021-08-28 14:24:50', '2021-08-28 14:24:50'),
(63, 69, 3424, '2021-08-28 14:31:56', '2021-08-28 14:31:56'),
(64, 70, 3424, '2021-08-28 14:32:08', '2021-08-28 14:32:08'),
(65, 71, 3424, '2021-08-28 14:32:37', '2021-08-28 14:32:37'),
(66, 0, 0, '2021-08-28 14:37:35', '2021-08-28 14:37:35'),
(67, 71, 3424, '2021-08-28 14:37:35', '2021-08-28 14:37:35'),
(68, 0, 0, '2021-08-28 14:40:38', '2021-08-28 14:40:38'),
(69, 71, 3424, '2021-08-28 14:40:38', '2021-08-28 14:40:38'),
(70, 72, 98765, '2022-04-25 02:32:47', '2022-04-25 02:32:47'),
(71, 73, 98765, '2022-04-25 02:34:41', '2022-04-25 02:34:41');

-- --------------------------------------------------------

--
-- Table structure for table `sold`
--

CREATE TABLE `sold` (
  `id` int(11) NOT NULL,
  `whole_sold_id` int(11) NOT NULL,
  `product_id` int(11) NOT NULL,
  `quantity` float NOT NULL,
  `price_id` int(11) NOT NULL,
  `stock_id` int(11) NOT NULL DEFAULT 0,
  `date_updated` timestamp NOT NULL DEFAULT current_timestamp() ON UPDATE current_timestamp(),
  `date_created` timestamp NOT NULL DEFAULT current_timestamp()
) ENGINE=InnoDB DEFAULT CHARSET=utf8mb4;

--
-- Dumping data for table `sold`
--

INSERT INTO `sold` (`id`, `whole_sold_id`, `product_id`, `quantity`, `price_id`, `stock_id`, `date_updated`, `date_created`) VALUES
(20, 41, 33, 1, 27, 0, '2021-08-02 11:22:52', '2021-08-02 11:22:52'),
(21, 41, 33, 1, 27, 0, '2021-08-02 11:22:52', '2021-08-02 11:22:52'),
(22, 41, 33, 1, 27, 0, '2021-08-02 11:22:52', '2021-08-02 11:22:52'),
(23, 41, 33, 1, 27, 0, '2021-08-02 11:22:52', '2021-08-02 11:22:52'),
(24, 41, 33, 1, 27, 0, '2021-08-02 11:22:52', '2021-08-02 11:22:52'),
(25, 43, 33, 1, 27, 0, '2021-08-02 11:24:48', '2021-08-02 11:24:48'),
(26, 45, 33, 1, 27, 0, '2021-08-02 11:25:20', '2021-08-02 11:25:20'),
(27, 45, 33, 1, 27, 0, '2021-08-02 11:25:20', '2021-08-02 11:25:20'),
(28, 47, 33, 1, 27, 0, '2021-08-02 11:26:04', '2021-08-02 11:26:04'),
(29, 47, 33, 1, 27, 0, '2021-08-02 11:26:04', '2021-08-02 11:26:04'),
(30, 49, 33, 1, 27, 0, '2021-08-02 11:26:32', '2021-08-02 11:26:32'),
(31, 49, 33, 1, 27, 0, '2021-08-02 11:26:32', '2021-08-02 11:26:32'),
(32, 51, 33, 1, 27, 0, '2021-08-02 11:26:52', '2021-08-02 11:26:52'),
(33, 51, 33, 1, 27, 0, '2021-08-02 11:26:52', '2021-08-02 11:26:52'),
(34, 53, 33, 1, 27, 0, '2021-08-02 11:27:27', '2021-08-02 11:27:27'),
(35, 53, 33, 1, 27, 0, '2021-08-02 11:27:27', '2021-08-02 11:27:27'),
(36, 55, 33, 1, 27, 0, '2021-08-02 15:52:24', '2021-08-02 15:52:24'),
(37, 55, 33, 1, 27, 0, '2021-08-02 15:52:24', '2021-08-02 15:52:24'),
(38, 57, 33, 1, 27, 0, '2021-08-02 15:52:54', '2021-08-02 15:52:54'),
(39, 57, 33, 1, 27, 0, '2021-08-02 15:52:54', '2021-08-02 15:52:54'),
(40, 59, 33, 1, 27, 0, '2021-08-02 15:55:24', '2021-08-02 15:55:24'),
(41, 59, 33, 1, 27, 0, '2021-08-02 15:55:24', '2021-08-02 15:55:24'),
(42, 63, 33, 2, 27, 0, '2021-08-02 16:07:01', '2021-08-02 16:07:01'),
(43, 63, 33, 1, 27, 0, '2021-08-02 16:07:01', '2021-08-02 16:07:01'),
(44, 65, 33, 1, 27, 0, '2021-08-03 04:13:07', '2021-08-03 04:13:07'),
(45, 65, 33, 1, 27, 0, '2021-08-03 04:13:07', '2021-08-03 04:13:07'),
(46, 66, 33, 1, 27, 0, '2021-08-03 05:17:18', '2021-08-03 05:17:18'),
(47, 66, 33, 1, 27, 0, '2021-08-03 05:17:18', '2021-08-03 05:17:18'),
(48, 66, 33, 1, 27, 0, '2021-08-03 05:17:18', '2021-08-03 05:17:18'),
(49, 67, 33, 1, 27, 0, '2021-08-03 05:17:41', '2021-08-03 05:17:41'),
(50, 67, 33, 1, 27, 0, '2021-08-03 05:17:41', '2021-08-03 05:17:41'),
(51, 67, 33, 1, 27, 0, '2021-08-03 05:17:41', '2021-08-03 05:17:41'),
(52, 68, 37, 89, 31, 0, '2021-08-14 01:20:50', '2021-08-14 01:20:50'),
(53, 68, 36, 9, 30, 0, '2021-08-14 01:20:50', '2021-08-14 01:20:50'),
(54, 68, 35, 8, 29, 0, '2021-08-14 01:20:50', '2021-08-14 01:20:50'),
(55, 69, 30, 1, 24, 0, '2021-08-19 02:30:39', '2021-08-19 02:30:39'),
(56, 70, 37, 1, 31, 0, '2021-08-23 01:16:05', '2021-08-23 01:16:05'),
(57, 71, 35, 0.5, 29, 0, '2021-08-23 01:30:40', '2021-08-23 01:17:02'),
(58, 72, 37, 1, 31, 0, '2021-08-23 07:06:31', '2021-08-23 07:06:31'),
(59, 72, 34, 9, 28, 0, '2021-08-23 07:06:31', '2021-08-23 07:06:31'),
(60, 72, 30, 3, 24, 0, '2021-08-23 07:06:31', '2021-08-23 07:06:31'),
(61, 73, 30, 1, 24, 0, '2021-08-24 11:49:04', '2021-08-24 11:49:04'),
(62, 73, 31, 1, 25, 0, '2021-08-24 11:49:04', '2021-08-24 11:49:04'),
(63, 74, 31, 2, 25, 0, '2021-08-24 12:15:53', '2021-08-24 12:15:53'),
(64, 74, 30, 1, 24, 0, '2021-08-24 12:15:53', '2021-08-24 12:15:53'),
(65, 75, 30, 0.9, 24, 0, '2021-08-24 12:18:28', '2021-08-24 12:18:28'),
(66, 76, 30, 2, 24, 0, '2021-08-24 12:19:35', '2021-08-24 12:19:35'),
(67, 77, 37, 1, 31, 0, '2021-08-24 12:20:04', '2021-08-24 12:20:04'),
(68, 78, 30, 3, 24, 0, '2021-08-24 12:21:41', '2021-08-24 12:21:41'),
(69, 78, 31, 2, 25, 0, '2021-08-24 12:21:41', '2021-08-24 12:21:41'),
(70, 78, 37, 3, 31, 0, '2021-08-24 12:21:41', '2021-08-24 12:21:41'),
(71, 79, 37, 2, 31, 0, '2021-08-24 13:49:20', '2021-08-24 13:49:20'),
(72, 79, 31, 1, 25, 0, '2021-08-24 13:49:20', '2021-08-24 13:49:20'),
(73, 80, 30, 7, 24, 0, '2021-08-24 13:49:56', '2021-08-24 13:49:56'),
(74, 80, 36, 6, 30, 0, '2021-08-24 13:49:56', '2021-08-24 13:49:56'),
(75, 80, 37, 1, 31, 0, '2021-08-24 13:49:56', '2021-08-24 13:49:56'),
(76, 81, 35, 1, 29, 0, '2021-08-24 13:51:10', '2021-08-24 13:51:10'),
(77, 81, 30, 1, 24, 0, '2021-08-24 13:51:10', '2021-08-24 13:51:10'),
(78, 82, 30, 1, 24, 0, '2021-08-24 13:54:10', '2021-08-24 13:54:10'),
(79, 83, 40, 1, 34, 0, '2021-08-27 09:12:21', '2021-08-27 09:12:21'),
(80, 83, 32, 1, 26, 0, '2021-08-27 09:12:21', '2021-08-27 09:12:21'),
(81, 83, 31, 1, 25, 0, '2021-08-27 09:12:21', '2021-08-27 09:12:21'),
(82, 84, 69, 1, 63, 66, '2022-04-25 02:51:33', '2022-04-25 02:51:33'),
(83, 84, 31, 1, 25, 28, '2022-04-25 02:51:33', '2022-04-25 02:51:33'),
(84, 84, 30, 1, 24, 27, '2022-04-25 02:51:33', '2022-04-25 02:51:33'),
(85, 84, 29, 8, 23, 26, '2022-04-25 02:51:33', '2022-04-25 02:51:33');

-- --------------------------------------------------------

--
-- Table structure for table `whole_sold`
--

CREATE TABLE `whole_sold` (
  `id` int(11) NOT NULL,
  `employee_id` int(11) NOT NULL,
  `cash` double NOT NULL DEFAULT 0,
  `date_updated` timestamp NOT NULL DEFAULT current_timestamp() ON UPDATE current_timestamp(),
  `date_created` timestamp NOT NULL DEFAULT current_timestamp()
) ENGINE=InnoDB DEFAULT CHARSET=utf8mb4;

--
-- Dumping data for table `whole_sold`
--

INSERT INTO `whole_sold` (`id`, `employee_id`, `cash`, `date_updated`, `date_created`) VALUES
(14, 0, 0, '2021-08-02 11:06:39', '2021-08-02 11:09:57'),
(16, 0, 0, '2021-08-02 11:10:30', '2021-08-02 11:10:30'),
(17, 0, 0, '2021-08-02 11:10:30', '2021-08-02 11:10:30'),
(18, 0, 0, '2021-08-02 11:11:10', '2021-08-02 11:11:10'),
(19, 0, 0, '2021-08-02 11:11:10', '2021-08-02 11:11:10'),
(20, 0, 0, '2021-08-02 11:13:38', '2021-08-02 11:13:38'),
(21, 0, 0, '2021-08-02 11:13:38', '2021-08-02 11:13:38'),
(22, 0, 0, '2021-08-02 11:15:14', '2021-08-02 11:15:14'),
(23, 0, 0, '2021-08-02 11:15:14', '2021-08-02 11:15:14'),
(24, 0, 0, '2021-08-02 11:16:08', '2021-08-02 11:16:08'),
(25, 0, 0, '2021-08-02 11:16:08', '2021-08-02 11:16:08'),
(26, 0, 0, '2021-08-02 11:18:42', '2021-08-02 11:18:42'),
(27, 0, 0, '2021-08-02 11:18:42', '2021-08-02 11:18:42'),
(28, 0, 0, '2021-08-02 11:18:57', '2021-08-02 11:18:57'),
(29, 0, 0, '2021-08-02 11:18:57', '2021-08-02 11:18:57'),
(30, 0, 0, '2021-08-02 11:19:59', '2021-08-02 11:19:59'),
(31, 0, 0, '2021-08-02 11:19:59', '2021-08-02 11:19:59'),
(32, 0, 0, '2021-08-02 11:20:25', '2021-08-02 11:20:25'),
(33, 0, 0, '2021-08-02 11:20:25', '2021-08-02 11:20:25'),
(34, 0, 0, '2021-08-02 11:21:38', '2021-08-02 11:21:38'),
(35, 0, 0, '2021-08-02 11:21:38', '2021-08-02 11:21:38'),
(36, 0, 0, '2021-08-02 11:22:03', '2021-08-02 11:22:03'),
(37, 0, 0, '2021-08-02 11:22:03', '2021-08-02 11:22:03'),
(38, 0, 0, '2021-08-02 11:22:36', '2021-08-02 11:22:36'),
(39, 0, 0, '2021-08-02 11:22:36', '2021-08-02 11:22:36'),
(40, 0, 0, '2021-08-02 11:22:52', '2021-08-02 11:22:52'),
(41, 0, 0, '2021-08-02 11:22:52', '2021-08-02 11:22:52'),
(42, 0, 0, '2021-08-02 11:24:48', '2021-08-02 11:24:48'),
(43, 0, 0, '2021-08-02 11:24:48', '2021-08-02 11:24:48'),
(44, 0, 0, '2021-08-02 11:25:20', '2021-08-02 11:25:20'),
(45, 0, 0, '2021-08-02 11:25:20', '2021-08-02 11:25:20'),
(46, 0, 0, '2021-08-02 11:26:04', '2021-08-02 11:26:04'),
(47, 0, 0, '2021-08-02 11:26:04', '2021-08-02 11:26:04'),
(48, 0, 0, '2021-08-02 11:26:32', '2021-08-02 11:26:32'),
(49, 0, 0, '2021-08-02 11:26:32', '2021-08-02 11:26:32'),
(50, 0, 0, '2021-08-02 11:26:52', '2021-08-02 11:26:52'),
(51, 0, 0, '2021-08-02 11:26:52', '2021-08-02 11:26:52'),
(52, 0, 0, '2021-08-02 11:27:27', '2021-08-02 11:27:27'),
(53, 0, 0, '2021-08-02 11:27:27', '2021-08-02 11:27:27'),
(54, 0, 0, '2021-08-02 15:52:24', '2021-08-02 15:52:24'),
(55, 0, 0, '2021-08-02 15:52:24', '2021-08-02 15:52:24'),
(56, 0, 0, '2021-08-02 15:52:54', '2021-08-02 15:52:54'),
(57, 0, 0, '2021-08-02 15:52:54', '2021-08-02 15:52:54'),
(58, 0, 0, '2021-08-02 15:55:24', '2021-08-02 15:55:24'),
(59, 0, 0, '2021-08-02 15:55:24', '2021-08-02 15:55:24'),
(60, 0, 0, '2021-08-02 15:55:32', '2021-08-02 15:55:32'),
(61, 0, 0, '2021-08-02 15:55:32', '2021-08-02 15:55:32'),
(62, 0, 0, '2021-08-02 16:07:01', '2021-08-02 16:07:01'),
(63, 0, 0, '2021-08-02 16:07:01', '2021-08-02 16:07:01'),
(64, 0, 0, '2021-08-03 04:13:07', '2021-08-03 04:13:07'),
(65, 0, 0, '2021-08-03 04:13:07', '2021-08-03 04:13:07'),
(66, 10, 0, '2021-08-03 05:17:18', '2021-08-03 05:17:18'),
(67, 10, 0, '2021-08-03 05:17:41', '2021-08-03 05:17:41'),
(68, 10, 0, '2021-08-14 01:20:50', '2021-08-14 01:20:50'),
(69, 10, 60000.6, '2021-08-19 02:30:55', '2021-08-19 02:30:39'),
(70, 10, 50000, '2021-08-23 01:16:05', '2021-08-23 01:16:05'),
(71, 10, 500000, '2021-08-23 01:17:02', '2021-08-23 01:17:02'),
(72, 10, 600000, '2021-08-23 07:06:31', '2021-08-23 07:06:31'),
(73, 10, 70000, '2021-08-24 11:49:04', '2021-08-24 11:49:04'),
(74, 10, 89999, '2021-08-24 12:15:53', '2021-08-24 12:15:53'),
(75, 10, 56567, '2021-08-24 12:18:28', '2021-08-24 12:18:28'),
(76, 10, 50000, '2021-08-24 12:19:35', '2021-08-24 12:19:35'),
(77, 10, 453656, '2021-08-24 12:20:04', '2021-08-24 12:20:04'),
(78, 10, 599999, '2021-08-24 12:21:41', '2021-08-24 12:21:41'),
(79, 10, 600000, '2021-08-24 13:49:20', '2021-08-24 13:49:20'),
(80, 10, 100000, '2021-08-24 13:49:56', '2021-08-24 13:49:56'),
(81, 10, 986794876984, '2021-08-24 13:51:10', '2021-08-24 13:51:10'),
(82, 10, 56465, '2021-08-24 13:54:10', '2021-08-24 13:54:10'),
(83, 10, 99999, '2021-08-27 09:12:21', '2021-08-27 09:12:21'),
(84, 10, 99999, '2022-04-25 02:51:33', '2022-04-25 02:51:33');

--
-- Indexes for dumped tables
--

--
-- Indexes for table `accounts_roles`
--
ALTER TABLE `accounts_roles`
  ADD PRIMARY KEY (`id`);

--
-- Indexes for table `attendance`
--
ALTER TABLE `attendance`
  ADD PRIMARY KEY (`id`);

--
-- Indexes for table `attendance_pic`
--
ALTER TABLE `attendance_pic`
  ADD PRIMARY KEY (`id`);

--
-- Indexes for table `categories`
--
ALTER TABLE `categories`
  ADD PRIMARY KEY (`id`);

--
-- Indexes for table `credentials`
--
ALTER TABLE `credentials`
  ADD PRIMARY KEY (`id`);

--
-- Indexes for table `employees`
--
ALTER TABLE `employees`
  ADD PRIMARY KEY (`id`);

--
-- Indexes for table `employee_acounts`
--
ALTER TABLE `employee_acounts`
  ADD PRIMARY KEY (`id`);

--
-- Indexes for table `owner`
--
ALTER TABLE `owner`
  ADD PRIMARY KEY (`id`);

--
-- Indexes for table `products`
--
ALTER TABLE `products`
  ADD PRIMARY KEY (`id`);

--
-- Indexes for table `products_stocks`
--
ALTER TABLE `products_stocks`
  ADD PRIMARY KEY (`id`);

--
-- Indexes for table `product_image`
--
ALTER TABLE `product_image`
  ADD PRIMARY KEY (`id`);

--
-- Indexes for table `product_price`
--
ALTER TABLE `product_price`
  ADD PRIMARY KEY (`id`);

--
-- Indexes for table `sold`
--
ALTER TABLE `sold`
  ADD PRIMARY KEY (`id`);

--
-- Indexes for table `whole_sold`
--
ALTER TABLE `whole_sold`
  ADD PRIMARY KEY (`id`);

--
-- AUTO_INCREMENT for dumped tables
--

--
-- AUTO_INCREMENT for table `accounts_roles`
--
ALTER TABLE `accounts_roles`
  MODIFY `id` int(11) NOT NULL AUTO_INCREMENT, AUTO_INCREMENT=12;

--
-- AUTO_INCREMENT for table `attendance`
--
ALTER TABLE `attendance`
  MODIFY `id` int(11) NOT NULL AUTO_INCREMENT, AUTO_INCREMENT=61;

--
-- AUTO_INCREMENT for table `attendance_pic`
--
ALTER TABLE `attendance_pic`
  MODIFY `id` int(11) NOT NULL AUTO_INCREMENT, AUTO_INCREMENT=21;

--
-- AUTO_INCREMENT for table `categories`
--
ALTER TABLE `categories`
  MODIFY `id` int(11) NOT NULL AUTO_INCREMENT, AUTO_INCREMENT=6;

--
-- AUTO_INCREMENT for table `credentials`
--
ALTER TABLE `credentials`
  MODIFY `id` int(11) NOT NULL AUTO_INCREMENT, AUTO_INCREMENT=2;

--
-- AUTO_INCREMENT for table `employees`
--
ALTER TABLE `employees`
  MODIFY `id` int(11) NOT NULL AUTO_INCREMENT, AUTO_INCREMENT=15;

--
-- AUTO_INCREMENT for table `employee_acounts`
--
ALTER TABLE `employee_acounts`
  MODIFY `id` int(11) NOT NULL AUTO_INCREMENT, AUTO_INCREMENT=15;

--
-- AUTO_INCREMENT for table `owner`
--
ALTER TABLE `owner`
  MODIFY `id` int(11) NOT NULL AUTO_INCREMENT, AUTO_INCREMENT=9;

--
-- AUTO_INCREMENT for table `products`
--
ALTER TABLE `products`
  MODIFY `id` int(11) NOT NULL AUTO_INCREMENT, AUTO_INCREMENT=74;

--
-- AUTO_INCREMENT for table `products_stocks`
--
ALTER TABLE `products_stocks`
  MODIFY `id` int(11) NOT NULL AUTO_INCREMENT, AUTO_INCREMENT=73;

--
-- AUTO_INCREMENT for table `product_image`
--
ALTER TABLE `product_image`
  MODIFY `id` int(11) NOT NULL AUTO_INCREMENT, AUTO_INCREMENT=30;

--
-- AUTO_INCREMENT for table `product_price`
--
ALTER TABLE `product_price`
  MODIFY `id` int(11) NOT NULL AUTO_INCREMENT, AUTO_INCREMENT=72;

--
-- AUTO_INCREMENT for table `sold`
--
ALTER TABLE `sold`
  MODIFY `id` int(11) NOT NULL AUTO_INCREMENT, AUTO_INCREMENT=86;

--
-- AUTO_INCREMENT for table `whole_sold`
--
ALTER TABLE `whole_sold`
  MODIFY `id` int(11) NOT NULL AUTO_INCREMENT, AUTO_INCREMENT=85;
COMMIT;

/*!40101 SET CHARACTER_SET_CLIENT=@OLD_CHARACTER_SET_CLIENT */;
/*!40101 SET CHARACTER_SET_RESULTS=@OLD_CHARACTER_SET_RESULTS */;
/*!40101 SET COLLATION_CONNECTION=@OLD_COLLATION_CONNECTION */;
